关键词,匹配类型,最高出价(NGN),着陆页
sell gift card nigeria,广泛匹配,500,https://prstmit.site/#calculator
[sell gift card nigeria],完全匹配,800,https://prstmit.site/#calculator
"sell gift card nigeria",词组匹配,650,https://prstmit.site/#calculator
gift card exchange lagos,广泛匹配,450,https://prstmit.site/#calculator
trade amazon gift card,广泛匹配,550,https://prstmit.site/#calculator
[trade amazon gift card],完全匹配,850,https://prstmit.site/#calculator
convert gift card to naira,广泛匹配,600,https://prstmit.site/#calculator
sell itunes card nigeria,广泛匹配,500,https://prstmit.site/#calculator
"sell itunes card nigeria",词组匹配,700,https://prstmit.site/#calculator
best gift card rate,广泛匹配,400,https://prstmit.site/#calculator
trade steam card lagos,广泛匹配,450,https://prstmit.site/#calculator
exchange google play card,广泛匹配,480,https://prstmit.site/#calculator
[exchange google play card],完全匹配,750,https://prstmit.site/#calculator
+gift +card +rates +nigeria,广泛匹配修饰符,350,https://prstmit.site/#calculator
+where +to +sell +amazon +card,广泛匹配修饰符,380,https://prstmit.site/#calculator
+best +gift +card +trader,广泛匹配修饰符,320,https://prstmit.site/#calculator
+instant +payment +gift +card,广泛匹配修饰符,400,https://prstmit.site/#calculator
"gift card trading platform",词组匹配,450,https://prstmit.site/
"reliable gift card exchange",词组匹配,420,https://prstmit.site/
"fastest gift card payment",词组匹配,500,https://prstmit.site/
sell amazon card lagos,广泛匹配,480,https://prstmit.site/#calculator
sell apple gift card nigeria,广泛匹配,450,https://prstmit.site/#calculator
steam wallet nigeria,广泛匹配,400,https://prstmit.site/#calculator
trade ebay gift card,广泛匹配,420,https://prstmit.site/#calculator
sell walmart gift card,广泛匹配,380,https://prstmit.site/#calculator
gift card to cash nigeria,广泛匹配,550,https://prstmit.site/#calculator
[gift card to cash nigeria],完全匹配,850,https://prstmit.site/#calculator
instant gift card payment,广泛匹配,480,https://prstmit.site/
naira for gift card,广泛匹配,450,https://prstmit.site/#calculator
sell sephora gift card,广泛匹配,350,https://prstmit.site/#calculator
sell nordstrom gift card,广泛匹配,340,https://prstmit.site/#calculator
gift card vendor nigeria,广泛匹配,420,https://prstmit.site/
legitimate gift card exchange,广泛匹配,500,https://prstmit.site/
trusted gift card trader,广泛匹配,480,https://prstmit.site/
prstmit,完全匹配,1000,https://prstmit.site/
[prstmit],完全匹配,1000,https://prstmit.site/
prstmit exchange,广泛匹配,900,https://prstmit.site/
joyce gift card,广泛匹配,850,https://prstmit.site/